"SNV_VAF<10"	"INDEL_VAF<10"	"ALL_VAF<10"	"SNV_10<=VAF<20"	"INDEL_10<=VAF<20"	"ALL_10<=VAF<20"	"SNV_20<=VAF<30"	"INDEL_20<=VAF<30"	"ALL_20<=VAF<30"	"SNV_30<=VAF<40"	"INDEL_30<=VAF<40"	"ALL_30<=VAF<40"	"SNV_40<=VAF<50"	"INDEL_40<=VAF<50"	"ALL_40<=VAF<50"	"SNV_VAF>=50"	"INDEL_VAF>=50"	"ALL_VAF>=50"	"ID"
0		0	0.551724137931035	0.571428571428571	0.553846153846154	0.963302752293578	1	0.968503937007874	0.99079283887468	0.993975903614458	0.991041961338991	0.996908013398609	0.992957746478873	0.996702491450904	0.991999135041626	0.92130857648099	0.987926027815987	"VAL-19_S1"
0		0	0.442857142857143	0.9	0.5	0.943298969072165	0.973684210526316	0.948275862068965	0.991315965263861	1	0.992116434202547	0.996911747238389	0.99780701754386	0.996957746478873	0.992728062082813	0.921428571428571	0.988642758479562	"VAL-20_S2"
0		0	0.727272727272727	0.857142857142857	0.741935483870968	0.929824561403509	1	0.940594059405941	0.990291262135922	0.993197278911565	0.990529247910863	0.995941267756954	1	0.996150362318841	0.992310209424084	0.919540229885057	0.988082395849386	"VAL-21_S3"
0		0	0.453125	1	0.527027027027027	0.935828877005348	0.972222222222222	0.941704035874439	0.990607388854101	0.9875	0.990324416619237	0.995969711773327	0.995584988962472	0.995949542876982	0.993201683392684	0.923487544483986	0.989215586529657	"VAL-22_S4"
0	1	0.333333333333333	0.584415584415584	1	0.619047619047619	0.954545454545455	1	0.95910780669145	0.994011976047904	0.993589743589744	0.993975903614458	0.997293307086614	0.993273542600897	0.997084208070912	0.993037940525662	0.925399644760213	0.989163062833885	"VAL-23_S13"
0		0	0.476190476190476	0.666666666666667	0.492753623188406	0.952755905511811	1	0.959731543624161	0.995391705069124	0.988372093023256	0.994758909853249	0.996380881068264	0.997560975609756	0.996438323637659	0.992996067022251	0.908691834942932	0.988121827411167	"VAL-24_S14"
0		0	0.466666666666667	0.9	0.528571428571429	0.953405017921147	1	0.957928802588997	0.988322717622081	0.985074626865672	0.988009592326139	0.995028130315321	0.997506234413965	0.995151665837892	0.992749373567202	0.913854351687389	0.988281446461801	"VAL-25_S23"
0		0	0.506849315068493	0.909090909090909	0.55952380952381	0.964856230031949	0.981132075471698	0.967213114754098	0.987896253602305	0.981818181818182	0.987368421052632	0.996950444726811	0.993039443155453	0.996747379833755	0.993594229423481	0.91989198919892	0.989435188947582	"VAL-26_S24"
