Type,Filter,TRUTH.TOTAL,TRUTH.TP,TRUTH.FN,QUERY.TOTAL,QUERY.FP,QUERY.UNK,FP.gt,METRIC.Recall,METRIC.Precision,METRIC.Frac_NA,METRIC.F1_Score,TRUTH.TOTAL.TiTv_ratio,QUERY.TOTAL.TiTv_ratio,TRUTH.TOTAL.het_hom_ratio,QUERY.TOTAL.het_hom_ratio
INDEL,ALL,1889,1630,259,2685,1001,26,77,0.86289,0.623543,0.009683,0.723946,,,1.27261462206,3.01510574018
INDEL,PASS,1889,1628,261,2262,591,15,77,0.861832,0.736983,0.006631,0.794533,,,1.27261462206,2.37613293051
SNP,ALL,30056,28390,1666,29510,1118,0,150,0.94457,0.962115,0.0,0.953262,2.78986512038,2.75104841784,1.55502636503,1.58553900088
SNP,PASS,30056,28284,1772,28904,618,0,132,0.941043,0.978619,0.0,0.959463,2.78986512038,2.81210443038,1.55502636503,1.53353792196
